Model,Accuracy,Precision,Recall,F1
Logistic Regression,0.8858695652173914,0.9175257731958762,0.8725490196078431,0.8944723618090452
SVM (RBF),0.8804347826086957,0.8846153846153846,0.9019607843137255,0.8932038834951457
Random Forest,0.8913043478260869,0.8942307692307693,0.9117647058823529,0.9029126213592233
